{"cameraMode":{"drawMode":0,"name":"Shaded","section":"Shading Mode"},"sceneLighting":true,"audioPlay":false,"sceneViewState":{"showFog":true,"showMaterialUpdate":false,"showSkybox":true,"showFlares":true,"showImageEffects":true,"showParticleSystems":true},"in2DMode":false,"pivot":{"x":534.5999755859375,"y":271.48516845703127,"z":-464.5},"rotation":{"x":0.07012782245874405,"y":-0.09412559866905213,"z":0.00664604501798749,"w":0.9930754899978638},"size":39.468536376953128,"orthographic":true}